,quality,subgroup,size_sg,size_dataset,positives_sg,positives_dataset,size_complement,relative_size_sg,relative_size_complement,coverage_sg,coverage_complement,target_share_sg,target_share_complement,target_share_dataset,lift
0,0.13515154425897044,200004==False AND temperature: [29.0:29.50[,1425,4579,1095,1530,3154,0.3112033195020747,0.6887966804979253,0.7156862745098039,0.28431372549019607,0.7684210526315789,0.13792010145846545,0.3341340904127539,2.299738562091503
1,0.11878863795193655,speed>=19.89,916,4579,850,1530,3663,0.20004367765887748,0.7999563223411225,0.5555555555555556,0.4444444444444444,0.9279475982532751,0.18564018564018564,0.3341340904127539,2.777171276079573
2,0.11878863795193655,speed>=19.89 AND traitement==1.0,916,4579,850,1530,3663,0.20004367765887748,0.7999563223411225,0.5555555555555556,0.4444444444444444,0.9279475982532751,0.18564018564018564,0.3341340904127539,2.777171276079573
3,0.11878863795193655,breed==0.0 AND speed>=19.89,916,4579,850,1530,3663,0.20004367765887748,0.7999563223411225,0.5555555555555556,0.4444444444444444,0.9279475982532751,0.18564018564018564,0.3341340904127539,2.777171276079573
4,0.11878863795193655,200002==False AND speed>=19.89,916,4579,850,1530,3663,0.20004367765887748,0.7999563223411225,0.5555555555555556,0.4444444444444444,0.9279475982532751,0.18564018564018564,0.3341340904127539,2.777171276079573
