,quality,subgroup,size_sg,size_dataset,positives_sg,positives_dataset,size_complement,relative_size_sg,relative_size_complement,coverage_sg,coverage_complement,target_share_sg,target_share_complement,target_share_dataset,lift
0,0.019188933823005135,204946==False AND bet>=0.06,191,4579,96,195,4388,0.04171216422799738,0.9582878357720026,0.49230769230769234,0.5076923076923077,0.5026178010471204,0.022561531449407476,0.04258571740554706,11.80249697946033
1,0.019083960545882028,204938==True AND bet>=0.06,578,4579,112,195,4001,0.12622843415592924,0.8737715658440708,0.5743589743589743,0.4256410256410256,0.19377162629757785,0.02074481379655086,0.04258571740554706,4.5501552657262
2,0.0188758740360737,200011==True AND 204946==False,436,4579,105,195,4143,0.09521729635291548,0.9047827036470845,0.5384615384615384,0.46153846153846156,0.2408256880733945,0.02172338884866039,0.04258571740554706,5.6550811573747355
3,0.01843628353391846,204946==False AND pr>=0.11,178,4579,92,195,4401,0.03887311640096091,0.9611268835990391,0.4717948717948718,0.5282051282051282,0.5168539325842697,0.02340377187002954,0.04258571740554706,12.136790550273696
4,0.017658689571985173,200002==False AND bet>=0.06,1060,4579,126,195,3519,0.23149159205066608,0.768508407949334,0.6461538461538462,0.35384615384615387,0.11886792452830189,0.0196078431372549,0.04258571740554706,2.7912626995645864
