,quality,subgroup,size_sg,size_dataset,positives_sg,positives_dataset,size_complement,relative_size_sg,relative_size_complement,coverage_sg,coverage_complement,target_share_sg,target_share_complement,target_share_dataset,lift
0,0.07623382590012677,200014==False AND y>=132.23,525,4579,397,418,4054,0.11465385455339594,0.8853461454466041,0.9497607655502392,0.050239234449760764,0.7561904761904762,0.005180069067587568,0.0912863070539419,8.283722943722944
1,0.07243513822347919,pr: [0.07:0.08[ AND y>=132.23,365,4579,365,418,4214,0.0797117274514086,0.9202882725485914,0.8732057416267942,0.12679425837320574,1.0,0.012577123872804937,0.0912863070539419,10.954545454545455
2,0.07241520236258076,pr: [0.07:0.08[ AND speed: [0.80:1.92[,366,4579,365,418,4213,0.07993011574579603,0.920069884254204,0.8732057416267942,0.12679425837320574,0.9972677595628415,0.012580109185853311,0.0912863070539419,10.924615002483856
3,0.07237533064078387,bet: [0.01:0.02[ AND y>=132.23,368,4579,365,418,4211,0.08036689233457087,0.9196331076654292,0.8732057416267942,0.12679425837320574,0.9918478260869565,0.012586084065542626,0.0912863070539419,10.86524209486166
4,0.07233545891898702,pr: [0.07:0.08[ AND temperature<28.50,370,4579,365,418,4209,0.08080366892334571,0.9191963310766543,0.8732057416267942,0.12679425837320574,0.9864864864864865,0.012592064623425991,0.0912863070539419,10.806511056511058
