,quality,subgroup,size_sg,size_dataset,positives_sg,positives_dataset,size_complement,relative_size_sg,relative_size_complement,coverage_sg,coverage_complement,target_share_sg,target_share_complement,target_share_dataset,lift
0,0.11458441289438132,204946==False AND num_nb: [3.0:4.0[,822,4579,755,1283,3757,0.17951517798645994,0.8204848220135401,0.5884645362431801,0.41153546375681993,0.9184914841849149,0.14053766302901252,0.2801921816990609,3.2780767779288587
1,0.11458441289438132,204946==False AND degree: [0.33:0.44[,822,4579,755,1283,3757,0.17951517798645994,0.8204848220135401,0.5884645362431801,0.41153546375681993,0.9184914841849149,0.14053766302901252,0.2801921816990609,3.2780767779288587
2,0.1131854687032977,204938==False AND num_nb: [3.0:4.0[,852,4579,757,1283,3727,0.18606682681808256,0.8139331731819175,0.5900233826968043,0.4099766173031956,0.8884976525821596,0.1411322779715589,0.2801921816990609,3.1710294241416284
3,0.1131854687032977,204938==False AND degree: [0.33:0.44[,852,4579,757,1283,3727,0.18606682681808256,0.8139331731819175,0.5900233826968043,0.4099766173031956,0.8884976525821596,0.1411322779715589,0.2801921816990609,3.1710294241416284
4,0.11269289078138607,204938==False AND 204946==False,1349,4579,894,1283,3230,0.2946058091286307,0.7053941908713693,0.6968043647700701,0.30319563522992987,0.6627131208302446,0.12043343653250774,0.2801921816990609,2.365209181825168
