,quality,subgroup,size_sg,size_dataset,positives_sg,positives_dataset,size_complement,relative_size_sg,relative_size_complement,coverage_sg,coverage_complement,target_share_sg,target_share_complement,target_share_dataset,lift
0,0.02690210250726145,bet<0.01,6815,45789,1937,4738,38974,0.14883487300443338,0.8511651269955666,0.4088222878851836,0.5911777121148164,0.2842259721203228,0.07186842510391543,0.10347463364563542,2.7468178635326
1,0.026617107881825135,204927==False AND bet<0.01,6081,45789,1848,4738,39708,0.1328048221188495,0.8671951778811505,0.3900379907133812,0.6099620092866188,0.30389738529847066,0.07278130351566435,0.10347463364563542,2.9369264194663725
2,0.02623254788291057,200002==False AND bet<0.01,5623,45789,1783,4738,40166,0.1228024197951473,0.8771975802048527,0.37631912199240186,0.6236808780075982,0.3170905210741597,0.07356968580391376,0.10347463364563542,3.064427579034339
3,0.024814560720056673,200004==False AND bet<0.01,5516,45789,1707,4738,40273,0.12046561401209897,0.879534385987901,0.36027859856479527,0.6397214014352047,0.30946337926033357,0.0752613413453182,0.10347463364563542,2.9907173222776304
4,0.021603215893263347,ind=='204945',4579,45789,1463,4738,41210,0.10000218393063837,0.8999978160693617,0.30878007598142676,0.6912199240185732,0.31950207468879666,0.07947100218393593,0.10347463364563542,3.0877333258601327
