,quality,subgroup,size_sg,size_dataset,positives_sg,positives_dataset,size_complement,relative_size_sg,relative_size_complement,coverage_sg,coverage_complement,target_share_sg,target_share_complement,target_share_dataset,lift
0,0.09114427596840233,speed: [4.28:19.89[,916,4579,648,1153,3663,0.20004367765887748,0.7999563223411225,0.562012142237641,0.43798785776235905,0.7074235807860262,0.13786513786513788,0.25180170342869623,2.8094471608145826
1,0.09114427596840233,speed: [4.28:19.89[ AND traitement==1.0,916,4579,648,1153,3663,0.20004367765887748,0.7999563223411225,0.562012142237641,0.43798785776235905,0.7074235807860262,0.13786513786513788,0.25180170342869623,2.8094471608145826
2,0.09114427596840233,breed==0.0 AND speed: [4.28:19.89[,916,4579,648,1153,3663,0.20004367765887748,0.7999563223411225,0.562012142237641,0.43798785776235905,0.7074235807860262,0.13786513786513788,0.25180170342869623,2.8094471608145826
3,0.09114427596840233,200002==False AND speed: [4.28:19.89[,916,4579,648,1153,3663,0.20004367765887748,0.7999563223411225,0.562012142237641,0.43798785776235905,0.7074235807860262,0.13786513786513788,0.25180170342869623,2.8094471608145826
4,0.09008924922454031,204927==True,2071,4579,934,1153,2508,0.45228215767634855,0.5477178423236515,0.8100607111882047,0.1899392888117953,0.4509898599710285,0.08732057416267942,0.25180170342869623,1.7910516641867644
